r,first,second,p1,px,p2,lambda1,lambda2
1,Coventry,Maidstone,0.9775019394879753,0.015515903801396445,0.006982156710628401,4.517195326635186,0.1174815394406317
2,Bournemouth,Leicester,0.6756756756756758,0.18018018018018017,0.14414414414414414,2.354776681013602,0.9975371847730218
3,Blackburn,Newcastle,0.09111617312072887,0.11541381928625656,0.7934700075930146,1.1926035336156111,3.4367245451275448
4,Luton,Man City,0.033472803347280304,0.06276150627615058,0.9037656903765692,0.8185220437955771,4.098427675492193
5,Chelsea,Leeds,0.8168316831683169,0.10891089108910892,0.07425742574257427,3.364961515559439,1.0075369975211286
6,Nottingham Forest,Man Utd,0.20754716981132076,0.21132075471698114,0.5811320754716981,1.1423282500848513,2.0414202765465
7,Wolverhampton,Brighton,0.38797039836246244,0.22925523539600054,0.38277436624153705,1.6689456697242044,1.6565738384699198
8,Liverpool,Southampton,0.9174311926605504,0.055045871559633024,0.027522935779816512,4.201477562055516,0.7467864910114201
