r,first,second,p1,px,p2,lambda1,lambda2
1,IFK Norrkoping,Malmo FF,0.07124289977856933,0.1059016077789544,0.8228554924424761,0.9994889543142328,3.4090960763877876
2,Gais,Brommapojkarna,0.4982578397212543,0.22996515679442506,0.27177700348432055,1.8127261291102759,1.2847207130382574
3,Hammarby,Kalmar FF,0.6180735370274469,0.20067322630761264,0.18125323666494042,2.1494273601333775,1.0785706834030635
4,BK Hacken,Mjallby AIF,0.756791720569211,0.1397153945666236,0.10349288486416552,2.8902340126529227,1.016697700805015
5,IFK Goteborg,Djurgarden,0.27260812581913496,0.25557011795543905,0.47182175622542594,1.0953363670030738,1.5253140260400881
6,Sirius,Halmstad,0.5977140715757917,0.20648304290800076,0.19580288551620764,2.092865642219573,1.116904305261405
7,AIK,VAsterAs Sk,0.7251184834123222,0.1611374407582939,0.11374407582938392,2.5250392874603116,0.9058276691102576
8,Elfsborg,IFK Varnamo,0.8076923076923077,0.11538461538461538,0.07692307692307691,3.204419610069453,0.9573480995983115
