r,first,second,p1,px,p2,lambda1,lambda2
1,Atalanta,Fiorentina,0.7664233576642335,0.1313868613138686,0.1021897810218978,3.091460546421331,1.1079705058618852
2,Borussia Dortmund,Real Madrid,0.11517165005537101,0.15060908084163904,0.73421926910299,1.02479421830866,2.745473249754965
