r,first,second,p1,px,p2,lambda1,lambda2
1,Atalanta,Marseille,0.6936989498249708,0.17940490081680283,0.12689614935822638,2.2922561717541825,0.8695730069773915
2,Bayer Leverkusen,Roma,0.8058655593044382,0.1193874902673241,0.0747469504282377,3.0591697493742682,0.874199155461974
