r,first,second,p1,px,p2,lambda1,lambda2
1,Partick,Airdrie,0.49438202247191015,0.22471910112359553,0.2808988764044944,1.8786334142088768,1.3707177308906244
