r,first,second,p1,px,p2,lambda1,lambda2
<<<<<<< HEAD
1,Partick,Raith Rovers,0.5025125628140705,0.24120603015075384,0.2562814070351757,1.6848947704116612,1.1336609633645431
=======
<<<<<<< HEAD
1,Atalanta,Fiorentina,0.7664233576642335,0.1313868613138686,0.1021897810218978,3.091460546421331,1.1079705058618852
2,Borussia Dortmund,Real Madrid,0.11517165005537101,0.15060908084163904,0.73421926910299,1.02479421830866,2.745473249754965
=======
1,Partick,Airdrie,0.49438202247191015,0.22471910112359553,0.2808988764044944,1.8786334142088768,1.3707177308906244
>>>>>>> 089871daa2669abf4ceaff83726f3a2abb3aa2e0
>>>>>>> 10ee0affdeebfdf549c5415d6a49d8d5e1e4d3ef
