r,first,second,p1,px,p2,lambda1,lambda2
1,Partick,Raith Rovers,0.5025125628140705,0.24120603015075384,0.2562814070351757,1.6848947704116612,1.1336609633645431
